Gold	acl	acl:relcl	advcl	advcl:relcl	advmod	amod	appos	aux	case	cc	ccomp	conj	cop	csubj	det	discourse	dislocated	expl	fixed	goeswith	iobj	mark	nmod	nmod:poss	nsubj	nummod	obj	obl	parataxis	punct	reparandum	root	vocative	xcomp
acl	0.0	0.0	0.6666666666666666	0.0	0.0	0.0	0.0	0.0	0.0	0.0	0.3333333333333333	0.0	0.0	0.0	0.0	0.0	0.0	0.0	0.0	0.0	0.0	0.0	0.0	0.0	0.0	0.0	0.0	0.0	0.0	0.0	0.0	0.0	0.0	0.0
acl:relcl	0.0	0.7575757575757576	0.0	0.0	0.0	0.0	0.0	0.0	0.0	0.0	0.0	0.0	0.0	0.0	0.0	0.0	0.0	0.0	0.0	0.0	0.0	0.0	0.0	0.030303030303030304	0.0	0.0	0.06060606060606061	0.0	0.06060606060606061	0.0	0.0	0.09090909090909091	0.0	0.0
advcl	0.0	0.0	0.7714285714285715	0.0	0.014285714285714285	0.0	0.0	0.0	0.0	0.0	0.05714285714285714	0.0	0.0	0.0	0.0	0.0	0.0	0.0	0.0	0.0	0.0	0.0	0.0	0.0	0.014285714285714285	0.0	0.0	0.014285714285714285	0.04285714285714286	0.0	0.0	0.08571428571428572	0.0	0.0
advcl:relcl	0.0	0.0	0.0	0.0	0.0	0.0	0.0	0.0	0.0	0.0	0.0	0.0	0.0	0.0	0.0	0.0	0.0	0.0	0.0	0.0	0.0	0.0	0.0	0.0	0.0	0.0	0.0	0.0	0.0	0.0	0.0	1.0	0.0	0.0
advmod	0.0	0.0030120481927710845	0.0030120481927710845	0.0	0.9849397590361446	0.0	0.0	0.0	0.0	0.0	0.0030120481927710845	0.0	0.0	0.0	0.0	0.0	0.0	0.0	0.0	0.0	0.0	0.0	0.0	0.0	0.0	0.0	0.0	0.0	0.0030120481927710845	0.0	0.0	0.0030120481927710845	0.0	0.0
amod	0.0	0.0	0.0	0.0	0.0	0.7894736842105263	0.0	0.0	0.0	0.0	0.0	0.0	0.0	0.0	0.0	0.0	0.0	0.0	0.0	0.0	0.0	0.0	0.0	0.0	0.0	0.0	0.0	0.0	0.05263157894736842	0.0	0.0	0.15789473684210525	0.0	0.0
appos	0.0	0.0	0.0	0.0	0.0	0.0	0.0	0.0	0.0	0.0	0.0	0.3333333333333333	0.0	0.0	0.0	0.0	0.0	0.0	0.0	0.0	0.0	0.0	0.0	0.0	0.3333333333333333	0.0	0.0	0.0	0.3333333333333333	0.0	0.0	0.0	0.0	0.0
aux	0.0	0.0	0.0	0.0	0.0	0.0	0.0	0.984375	0.0	0.0	0.0	0.0	0.015625	0.0	0.0	0.0	0.0	0.0	0.0	0.0	0.0	0.0	0.0	0.0	0.0	0.0	0.0	0.0	0.0	0.0	0.0	0.0	0.0	0.0
case	0.0	0.0	0.0	0.0	0.0	0.0	0.0	0.0	0.9938271604938271	0.0	0.0	0.0	0.0	0.0	0.0	0.0	0.0	0.0	0.0	0.0	0.0	0.006172839506172839	0.0	0.0	0.0	0.0	0.0	0.0	0.0	0.0	0.0	0.0	0.0	0.0
cc	0.0	0.0	0.0	0.0	0.0	0.0	0.0	0.0	0.0	1.0	0.0	0.0	0.0	0.0	0.0	0.0	0.0	0.0	0.0	0.0	0.0	0.0	0.0	0.0	0.0	0.0	0.0	0.0	0.0	0.0	0.0	0.0	0.0	0.0
ccomp	0.0	0.0	0.06382978723404255	0.0	0.06382978723404255	0.0	0.0	0.0	0.0	0.0	0.44680851063829785	0.0	0.0	0.0	0.0	0.02127659574468085	0.0	0.0	0.0	0.0	0.0	0.0	0.0	0.0	0.0425531914893617	0.0	0.0	0.0425531914893617	0.19148936170212766	0.0	0.0	0.0851063829787234	0.0	0.0425531914893617
conj	0.0	0.0	0.04	0.0	0.0	0.0	0.0	0.0	0.0	0.0	0.0	0.56	0.0	0.0	0.04	0.04	0.0	0.0	0.0	0.0	0.0	0.0	0.0	0.0	0.08	0.0	0.0	0.0	0.24	0.0	0.0	0.0	0.0	0.0
cop	0.0	0.0	0.0	0.0	0.0	0.0	0.0	0.18181818181818182	0.0	0.0	0.0	0.0	0.8181818181818182	0.0	0.0	0.0	0.0	0.0	0.0	0.0	0.0	0.0	0.0	0.0	0.0	0.0	0.0	0.0	0.0	0.0	0.0	0.0	0.0	0.0
csubj	0.0	0.0	0.0	0.0	1.0	0.0	0.0	0.0	0.0	0.0	0.0	0.0	0.0	0.0	0.0	0.0	0.0	0.0	0.0	0.0	0.0	0.0	0.0	0.0	0.0	0.0	0.0	0.0	0.0	0.0	0.0	0.0	0.0	0.0
det	0.0	0.0	0.0	0.0	0.0	0.0	0.0	0.0	0.0	0.0	0.0	0.0	0.0	0.0	1.0	0.0	0.0	0.0	0.0	0.0	0.0	0.0	0.0	0.0	0.0	0.0	0.0	0.0	0.0	0.0	0.0	0.0	0.0	0.0
discourse	0.0	0.0	0.0	0.0	0.0	0.0	0.0	0.0	0.0	0.0	0.0	0.0	0.0	0.0	0.0	1.0	0.0	0.0	0.0	0.0	0.0	0.0	0.0	0.0	0.0	0.0	0.0	0.0	0.0	0.0	0.0	0.0	0.0	0.0
dislocated	0.0	0.0	0.0	0.0	0.0	0.0	0.0	0.0	0.0	0.0	0.0	0.0	0.0	0.0	0.0	0.0	0.0	0.0	0.0	0.0	0.0	0.0	0.0	0.0	0.6666666666666666	0.0	0.0	0.0	0.3333333333333333	0.0	0.0	0.0	0.0	0.0
expl	0.0	0.0	0.0	0.0	0.0	0.0	0.0	0.0	0.0	0.0	0.0	0.0	0.0	0.0	0.0	0.0	0.0	0.8	0.0	0.0	0.0	0.0	0.0	0.0	0.2	0.0	0.0	0.0	0.0	0.0	0.0	0.0	0.0	0.0
fixed	0.0	0.0	0.0	0.0	0.0	0.0	0.0	0.0	0.0	0.0	0.0	0.0	0.0	0.0	0.0	0.0	0.0	0.0	0.8333333333333334	0.0	0.0	0.0	0.0	0.0	0.0	0.0	0.0	0.0	0.0	0.16666666666666666	0.0	0.0	0.0	0.0
goeswith	0.0	0.0	0.0	0.0	0.0	0.0	0.0	0.0	0.0	0.0	0.0	0.0	0.0	0.0	0.0	0.0	0.0	0.0	0.0	1.0	0.0	0.0	0.0	0.0	0.0	0.0	0.0	0.0	0.0	0.0	0.0	0.0	0.0	0.0
iobj	0.0	0.0	0.0	0.0	0.0	0.0	0.0	0.0	0.0	0.0	0.0	0.0	0.0	0.0	0.0	0.0	0.0	0.0	0.0	0.0	0.7916666666666666	0.0	0.0	0.0	0.0	0.0	0.041666666666666664	0.16666666666666666	0.0	0.0	0.0	0.0	0.0	0.0
mark	0.0	0.0	0.0	0.0	0.0	0.0	0.0	0.0	0.0	0.0	0.0	0.0	0.0	0.0	0.0	0.0	0.0	0.0	0.0	0.0	0.0	1.0	0.0	0.0	0.0	0.0	0.0	0.0	0.0	0.0	0.0	0.0	0.0	0.0
nmod	0.0	0.0	0.0	0.0	0.1111111111111111	0.0	0.0	0.0	0.0	0.0	0.0	0.0	0.0	0.0	0.0	0.0	0.0	0.0	0.0	0.0	0.0	0.0	0.1111111111111111	0.0	0.0	0.0	0.1111111111111111	0.6666666666666666	0.0	0.0	0.0	0.0	0.0	0.0
nmod:poss	0.0	0.0	0.0	0.0	0.0	0.0	0.0	0.0	0.0	0.0	0.0	0.0	0.0	0.0	0.0	0.0	0.0	0.0	0.0	0.0	0.0	0.0	0.0	0.9324324324324325	0.02702702702702703	0.0	0.04054054054054054	0.0	0.0	0.0	0.0	0.0	0.0	0.0
nsubj	0.0	0.0	0.0	0.0	0.0	0.0	0.003861003861003861	0.0	0.0	0.0	0.007722007722007722	0.0	0.0	0.0	0.0	0.0	0.0	0.007722007722007722	0.007722007722007722	0.0	0.0	0.0	0.0	0.019305019305019305	0.8725868725868726	0.0	0.0694980694980695	0.0	0.0	0.0	0.0	0.011583011583011582	0.0	0.0
nummod	0.0	0.0	0.0	0.0	0.0	0.0	0.0	0.0	0.0	0.0	0.0	0.0	0.0	0.0	0.0	0.0	0.0	0.0	0.0	0.0	0.0	0.0	0.0	0.0	0.0	0.875	0.0	0.125	0.0	0.0	0.0	0.0	0.0	0.0
obj	0.0	0.0	0.0	0.0	0.0	0.0	0.0	0.0	0.0	0.0	0.0	0.0	0.0	0.0	0.011764705882352941	0.0	0.0	0.0	0.0	0.0	0.0	0.0	0.0	0.023529411764705882	0.08823529411764706	0.0	0.8705882352941177	0.0058823529411764705	0.0	0.0	0.0	0.0	0.0	0.0
obl	0.0	0.0	0.0	0.0	0.0	0.0	0.0	0.0	0.0078125	0.0	0.0078125	0.0	0.0	0.0	0.0	0.0	0.0	0.0	0.0	0.0	0.0078125	0.0	0.0	0.0	0.015625	0.0	0.03125	0.9296875	0.0	0.0	0.0	0.0	0.0	0.0
parataxis	0.0	0.0	0.0	0.0	0.04	0.013333333333333334	0.0	0.0	0.0	0.0	0.04	0.013333333333333334	0.0	0.0	0.0	0.0	0.0	0.0	0.0	0.0	0.0	0.0	0.0	0.0	0.02666666666666667	0.0	0.013333333333333334	0.0	0.7866666666666666	0.0	0.0	0.013333333333333334	0.0	0.05333333333333334
punct	0.0	0.0	0.0	0.0	0.0	0.0	0.0	0.0	0.0	0.0	0.0	0.0	0.0	0.0	0.0	0.0	0.0	0.0	0.0	0.0	0.0	0.0	0.0	0.0	0.0	0.0	0.0	0.0	0.0	1.0	0.0	0.0	0.0	0.0
reparandum	0.0	0.0	0.0	0.0	0.0	0.0	0.0	0.0	0.0	0.0	0.0	0.0	0.0	0.0	0.0	0.0	0.0	0.0	0.0	0.0	0.0	0.0	0.0	0.0	0.0	0.0	1.0	0.0	0.0	0.0	0.0	0.0	0.0	0.0
root	0.0	0.0	0.01060070671378092	0.0	0.01060070671378092	0.0035335689045936395	0.0	0.0	0.0	0.0	0.0	0.0035335689045936395	0.0	0.0	0.0	0.0	0.0	0.0	0.0	0.0	0.0	0.0	0.0	0.0	0.01060070671378092	0.0	0.0035335689045936395	0.0	0.045936395759717315	0.0	0.0	0.9081272084805654	0.0035335689045936395	0.0
vocative	0.0	0.0	0.0	0.0	0.0	0.0	0.0	0.0	0.0	0.0	0.0	0.0	0.0	0.0	0.0	0.0	0.0	0.0	0.0	0.0	0.0	0.0	0.0	0.0	0.13333333333333333	0.0	0.26666666666666666	0.0	0.0	0.0	0.0	0.06666666666666667	0.5333333333333333	0.0
xcomp	0.0	0.0	0.07142857142857142	0.0	0.03571428571428571	0.0	0.0	0.0	0.0	0.0	0.14285714285714285	0.03571428571428571	0.0	0.0	0.0	0.0	0.0	0.0	0.0	0.0	0.0	0.0	0.0	0.0	0.03571428571428571	0.0	0.07142857142857142	0.0	0.17857142857142858	0.0	0.0	0.03571428571428571	0.0	0.39285714285714285
