Gold	acl	acl:relcl	advcl	advcl:relcl	advmod	amod	appos	aux	case	cc	ccomp	compound	conj	cop	csubj	dep	det	discourse	dislocated	expl	fixed	flat	goeswith	iobj	mark	nmod	nmod:poss	nsubj	nummod	obj	obl	orphan	parataxis	punct	reparandum	root	vocative	xcomp
acl	3	0	7	0	0	1	0	0	0	0	3	0	1	0	0	0	0	0	0	0	0	0	0	0	0	0	0	1	0	1	1	0	0	0	0	5	0	2
acl:relcl	0	251	7	0	2	0	0	1	0	0	9	0	4	0	0	0	0	0	0	0	0	0	0	0	0	0	2	4	0	5	10	0	24	0	0	23	0	1
advcl	0	2	424	0	7	2	0	0	0	0	17	0	2	0	0	0	0	0	0	0	0	0	0	0	0	0	0	7	0	6	4	0	45	0	0	57	0	6
advcl:relcl	0	8	1	2	0	0	0	0	0	0	2	0	0	0	0	0	0	0	0	0	0	0	0	0	0	0	0	3	0	0	1	0	4	0	0	6	0	0
advmod	0	2	1	0	3336	1	0	0	0	0	3	0	1	0	0	0	0	0	0	0	0	0	0	0	0	0	1	0	0	0	2	0	2	0	0	12	0	0
amod	0	0	2	0	0	144	0	0	0	0	5	0	2	0	0	0	1	0	0	0	0	0	0	0	0	0	0	0	0	0	0	0	3	0	0	15	0	1
appos	0	0	0	0	0	0	4	0	0	0	0	0	6	0	0	0	0	0	0	0	0	0	0	1	0	1	2	14	0	4	0	0	5	0	0	1	3	0
aux	0	0	0	0	0	0	0	581	0	0	0	0	0	5	0	0	0	0	0	0	0	0	0	0	0	0	0	0	0	0	0	0	0	0	0	0	0	0
case	0	0	0	0	1	0	0	0	1764	0	0	0	0	0	0	0	0	0	0	0	1	0	0	0	1	0	1	0	0	0	1	0	0	0	0	0	0	0
cc	0	0	0	0	0	0	0	0	0	122	0	0	0	0	0	0	0	0	0	0	0	0	0	0	0	0	0	0	0	0	0	0	1	1	0	0	0	0
ccomp	0	6	12	0	19	1	0	1	0	0	253	0	1	0	0	0	0	1	0	0	0	0	0	0	0	0	1	8	0	15	9	0	55	0	0	22	0	18
compound	0	1	0	0	0	0	0	0	0	0	0	0	0	0	0	0	0	0	0	0	0	0	0	0	0	0	0	0	0	0	0	0	0	0	0	0	0	0
conj	0	6	8	0	1	1	1	0	0	0	3	0	127	0	0	0	2	2	0	0	0	0	0	0	0	0	2	21	0	13	15	0	43	0	0	6	0	1
cop	0	0	0	0	0	0	0	29	0	0	0	0	0	116	0	0	0	0	0	0	0	0	0	0	0	0	0	0	0	0	0	0	0	0	0	0	0	0
csubj	0	0	3	0	1	0	0	0	0	0	1	0	0	0	1	0	0	0	0	0	0	0	0	0	0	0	0	0	0	0	1	0	12	0	0	3	0	1
dep	0	0	0	0	0	0	0	1	0	0	0	0	0	0	0	0	0	0	0	0	0	0	0	0	0	0	0	0	0	0	0	0	0	0	0	1	0	0
det	0	0	0	0	4	0	0	0	0	0	0	0	0	0	0	0	801	0	0	0	0	0	0	1	0	0	4	8	0	5	0	0	0	0	0	0	0	0
discourse	0	0	0	0	0	0	0	1	0	0	4	0	5	0	0	0	0	30	0	0	0	0	0	0	0	0	0	0	0	0	0	0	0	0	0	2	0	0
dislocated	0	0	0	0	0	0	0	0	0	0	3	0	1	0	0	0	0	0	2	0	0	0	0	1	0	0	3	44	0	6	0	0	2	0	0	4	1	0
expl	0	0	0	0	0	0	0	0	0	0	0	0	0	0	0	0	0	0	0	102	0	0	0	0	0	0	2	59	0	3	2	0	1	0	0	0	0	0
fixed	0	0	0	0	4	0	0	0	9	0	0	0	0	0	0	0	0	0	0	0	44	0	0	0	0	0	2	7	0	3	0	0	0	1	0	0	0	0
flat	0	0	0	0	0	0	0	0	0	0	0	0	0	0	0	0	0	0	0	0	0	7	0	0	0	1	1	4	0	2	1	0	0	0	0	3	0	0
goeswith	0	0	0	0	0	1	0	0	0	1	2	0	0	0	0	0	1	0	0	0	0	0	10	1	0	0	0	1	0	0	1	0	0	0	0	0	0	0
iobj	0	0	0	0	0	0	0	0	0	0	0	0	0	0	0	0	0	0	0	0	0	0	0	151	0	0	1	7	0	16	41	0	0	0	0	0	0	0
mark	0	0	0	0	0	0	0	0	1	0	0	0	0	0	0	0	0	0	0	0	0	0	0	0	607	0	0	0	0	0	7	0	0	0	0	0	0	0
nmod	0	4	0	0	2	0	0	0	0	0	0	0	5	0	0	0	0	0	1	0	0	0	0	0	0	13	3	11	0	8	30	0	0	0	0	1	1	0
nmod:poss	0	0	0	1	4	0	0	0	0	0	1	0	0	0	0	0	0	0	0	0	0	0	0	0	0	0	1463	34	0	33	2	0	1	0	0	0	0	0
nsubj	1	4	0	0	4	0	2	0	0	0	4	0	6	0	0	0	7	0	0	23	3	0	0	0	0	0	55	2324	2	169	11	0	5	0	0	32	5	0
nummod	0	0	0	0	0	0	0	0	0	0	0	0	0	0	0	0	0	0	0	0	0	0	0	0	0	0	0	0	78	1	1	0	0	0	0	0	0	0
obj	0	3	2	0	3	0	0	0	0	0	4	0	0	0	0	0	4	0	0	2	2	0	0	0	0	0	57	140	1	1349	12	0	4	0	0	1	0	2
obl	0	0	1	0	5	0	0	0	5	0	2	0	3	0	0	0	1	0	0	0	0	0	0	30	0	2	10	42	1	38	1381	0	6	0	0	6	1	0
orphan	0	0	0	0	0	0	0	0	1	0	0	0	0	0	0	0	0	0	0	0	0	0	0	1	0	0	0	0	0	0	1	0	1	0	0	0	0	0
parataxis	0	1	6	0	15	3	1	1	1	0	33	0	7	0	0	0	0	1	0	0	0	0	0	1	0	1	3	11	0	2	8	0	706	0	0	23	2	31
punct	0	0	0	0	0	0	0	0	0	0	0	0	0	0	0	0	0	0	0	0	0	0	0	0	0	0	0	0	0	0	0	0	0	5377	0	1	0	0
reparandum	0	0	0	0	0	0	0	0	0	0	0	0	0	0	0	0	0	0	0	0	0	0	0	0	0	0	0	0	0	1	0	0	0	0	0	0	0	0
root	0	7	17	0	27	8	0	0	3	0	5	0	5	0	1	0	1	0	0	0	0	0	0	0	0	1	2	45	1	10	8	0	83	1	0	2599	3	7
vocative	0	0	0	0	0	0	0	0	0	0	2	0	3	0	0	0	0	0	0	0	0	0	0	0	0	0	3	24	0	11	0	0	2	0	0	3	81	0
xcomp	0	1	6	0	7	3	0	0	0	0	24	0	1	0	0	0	0	0	0	0	0	0	0	0	0	0	2	5	0	19	2	0	45	0	0	8	0	72
